phase,action,evidence_basis
Containment,Suspend the remote-access entitlement for vend069 and terminate active sessions,"16 privileged actions in the window, 16 of them without MFA"
Containment,Block the external source addresses at the VPN concentrator,non-domestic sources observed: 41.182.90.6 (ZAF)
Containment,Place the OT jump host and the engineering workstation used in the window under enhanced logging,out-of-hours privileged access to OT targets
Eradication,"Reset credentials and re-enrol MFA for the account, and review any keys or tokens issued to it",authentication occurred without MFA
Eradication,Verify the configuration of the assets listed in incident_affected_entities.csv against a known-good export,8 assets touched in the window
Recovery,"Restore vendor access only through a time-boxed, approved maintenance window with supervision",activity fell outside any approved window
Recovery,Confirm normal telemetry and control behaviour for the affected assets before closing the case,telemetry context rows in the same window
Monitoring,"Keep rules R2, R3, R6 and R7 at high severity and review R4 tuning",R4 produced the majority of alerts at low precision against known behaviour
Monitoring,Alert on any first-seen country for privileged accounts (rule R5),R5 matched every injected pattern in the test window
